[
  {
    "id": "7044cb23-fbbf-4f9f-b4f2-b38b7438cc0a",
    "data": [
      {
        "text": "Can I have ",
        "userDefined": false
      },
      {
        "text": "2",
        "alias": "waffleQuantity",
        "meta": "@sys.number",
        "userDefined": false
      },
      {
        "text": " ",
        "userDefined": false
      },
      {
        "text": "plain",
        "alias": "waffleFlavors",
        "meta": "@waffleFlavors",
        "userDefined": false
      },
      {
        "text": " waffle?",
        "userDefined": false
      }
    ],
    "isTemplate": false,
    "count": 1,
    "updated": 0
  },
  {
    "id": "c1d77cb8-6a96-439b-b713-c4660bf7176f",
    "data": [
      {
        "text": "I would like to have ",
        "userDefined": false
      },
      {
        "text": "2",
        "alias": "waffleQuantity",
        "meta": "@sys.number",
        "userDefined": false
      },
      {
        "text": " ",
        "userDefined": false
      },
      {
        "text": "kaya",
        "alias": "waffleFlavors",
        "meta": "@waffleFlavors",
        "userDefined": true
      },
      {
        "text": " waffle?",
        "userDefined": false
      }
    ],
    "isTemplate": false,
    "count": 1,
    "updated": 0
  },
  {
    "id": "0ebc25ab-78b9-4694-a73d-e0cdbcfb32a1",
    "data": [
      {
        "text": "I would like to buy ",
        "userDefined": false
      },
      {
        "text": "2",
        "alias": "waffleQuantity",
        "meta": "@sys.number",
        "userDefined": false
      },
      {
        "text": " ",
        "userDefined": false
      },
      {
        "text": "kaya",
        "alias": "waffleFlavors",
        "meta": "@waffleFlavors",
        "userDefined": true
      },
      {
        "text": " waffle",
        "userDefined": false
      }
    ],
    "isTemplate": false,
    "count": 1,
    "updated": 0
  },
  {
    "id": "d6033440-420d-4145-a3f1-aa1effe3dda8",
    "data": [
      {
        "text": "2",
        "alias": "waffleQuantity",
        "meta": "@sys.number",
        "userDefined": true
      },
      {
        "text": " ",
        "userDefined": false
      },
      {
        "text": "Chocolate",
        "alias": "waffleFlavors",
        "meta": "@waffleFlavors",
        "userDefined": true
      },
      {
        "text": " flavor",
        "userDefined": false
      }
    ],
    "isTemplate": false,
    "count": 0,
    "updated": 1544616341
  },
  {
    "id": "8826c5dd-ff26-4d0b-8cbd-f2455ebd1461",
    "data": [
      {
        "text": "Can I get ",
        "userDefined": false
      },
      {
        "text": "1",
        "alias": "waffleQuantity",
        "meta": "@sys.number",
        "userDefined": true
      },
      {
        "text": " ",
        "userDefined": false
      },
      {
        "text": "chocolate",
        "alias": "waffleFlavors",
        "meta": "@waffleFlavors",
        "userDefined": true
      },
      {
        "text": " flavor?",
        "userDefined": false
      }
    ],
    "isTemplate": false,
    "count": 0,
    "updated": 1544612281
  },
  {
    "id": "49e871e4-b8a0-45aa-8623-2db6b4203635",
    "data": [
      {
        "text": "Could I have ",
        "userDefined": false
      },
      {
        "text": "a",
        "meta": "@sys.ignore",
        "userDefined": true
      },
      {
        "text": " ",
        "userDefined": false
      },
      {
        "text": "blueberry",
        "alias": "waffleFlavors",
        "meta": "@waffleFlavors",
        "userDefined": true
      },
      {
        "text": " waffle?",
        "userDefined": false
      }
    ],
    "isTemplate": false,
    "count": 0,
    "updated": 1544612281
  }
]