[
  {
    "id": "6dd4172d-ed00-4737-9abc-031f922545a3",
    "data": [
      {
        "text": "cash",
        "alias": "paymentOptions",
        "meta": "@paymentOptions",
        "userDefined": false
      }
    ],
    "isTemplate": false,
    "count": 0,
    "updated": 1544616992
  },
  {
    "id": "87b01bd4-d562-4c50-9443-2f0a0dd56196",
    "data": [
      {
        "text": "pay by ",
        "userDefined": false
      },
      {
        "text": "paynow",
        "alias": "paymentOptions",
        "meta": "@paymentOptions",
        "userDefined": false
      }
    ],
    "isTemplate": false,
    "count": 0,
    "updated": 1544615954
  },
  {
    "id": "245a266c-35ec-42d2-a2cd-a8e5b0bd1c39",
    "data": [
      {
        "text": "I would like to pay by ",
        "userDefined": false
      },
      {
        "text": "cash",
        "alias": "paymentOptions",
        "meta": "@paymentOptions",
        "userDefined": false
      }
    ],
    "isTemplate": false,
    "count": 0,
    "updated": 1544615954
  }
]