[
  {
    "id": "141a8dd2-6ba3-48cf-95cd-001078191549",
    "data": [
      {
        "text": "sorry, I want to change to ",
        "userDefined": false
      },
      {
        "text": "2",
        "alias": "waffleQuantity",
        "meta": "@sys.number",
        "userDefined": false
      },
      {
        "text": " waffle",
        "userDefined": false
      }
    ],
    "isTemplate": false,
    "count": 0,
    "updated": 1544627055
  },
  {
    "id": "0198c20e-a527-49d1-b455-41962562dd46",
    "data": [
      {
        "text": "change to ",
        "userDefined": false
      },
      {
        "text": "2",
        "alias": "waffleQuantity",
        "meta": "@sys.number",
        "userDefined": false
      },
      {
        "text": " waffle",
        "userDefined": false
      }
    ],
    "isTemplate": false,
    "count": 0,
    "updated": 1544626787
  },
  {
    "id": "5aafe9e9-5754-4b4e-b45b-3d871defcdfb",
    "data": [
      {
        "text": "1",
        "alias": "waffleQuantity",
        "meta": "@sys.number",
        "userDefined": false
      }
    ],
    "isTemplate": false,
    "count": 0,
    "updated": 1544626787
  }
]